{
  "auc": 0.8663321246802622,
  "ks": 0.5731521348441719,
  "gini": 0.7326642493605244,
  "accuracy": 0.8042666666666667,
  "precision": 0.2210359255518684,
  "recall": 0.7640897755610973,
  "f1": 0.3428827215756491
}